,url,title,verdict,date
0,https://fakenews.pl/polityka/nie-to-nie-jest-prawdziwy-wpis-strajku-kobiet-o-tusku/,"Nie, to nie jest prawdziwy wpis Strajku Kobiet o Tusku",Fałsz, 6-11-2021
1,https://fakenews.pl/polityka/prezes-orlenu-nie-zalozyl-firmy-budowlanej-to-inny-daniel-obajtek/,Prezes Orlenu nie założył firmy budowlanej. To inny Daniel Obajtek,Fałsz, 3-11-2021
2,https://fakenews.pl/polityka/czy-te-zdjecia-pochodza-z-marszow-rownosci-organizowanych-w-polsce-analiza/,Czy te zdjęcia pochodzą z Marszów Równości organizowanych w Polsce? Analiza,Analiza, 29-10-2021
3,https://fakenews.pl/polityka/poslanka-pis-twierdzi-ze-oddawanie-moczu-po-stosunku-plciowym-zapobiega-ciazy-brak-dowodow/,"Posłanka PiS twierdzi, że oddawanie moczu po stosunku płciowym zapobiega ciąży? Brak dowodów",Fałsz, 22-10-2021
4,https://fakenews.pl/polityka/czy-te-panstwa-uznaly-prymat-konstytucji-nad-prawem-unii-europejskiej-analiza/,Czy te państwa uznały prymat konstytucji nad prawem unii europejskiej? Analiza,Analiza, 15-10-2021
5,https://fakenews.pl/polityka/maria-kurowska-pis-stare-drzewa-nie-produkuja-tlenu-nie-przerabiaja-dwutlenku-wegla/,"Maria Kurowska (PiS): Stare drzewa nie produkują tlenu, nie przerabiają dwutlenku węgla",Fałsz, 27-9-2021
6,https://fakenews.pl/polityka/czy-joe-biden-zasnal-podczas-spotkania-z-premierem-izraela-sprawdzamy/,Czy Joe Biden zasnął podczas spotkania z premierem Izraela? Sprawdzamy,Fałsz, 2-9-2021
7,https://fakenews.pl/polityka/polsko-japonska-wspolpraca-z-lat-wojny-analizujemy-wypowiedz-andrzeja-dudy/,Polsko-japońska współpraca z lat wojny? Analizujemy wypowiedź Andrzeja Dudy,Analiza, 27-7-2021
8,https://fakenews.pl/polityka/senat-usa-oglosil-ze-koronawirus-to-klamstwo-to-fake-news/,"Senat USA ogłosił, że koronawirus to kłamstwo? To fake news",Fałsz, 18-6-2021
9,https://fakenews.pl/polityka/brak-samolotow-nad-bialorusia-to-manipulacja/,Brak samolotów nad Białorusią? To manipulacja,Manipulacja, 25-5-2021
10,https://fakenews.pl/polityka/czy-burmistrzyni-chicago-nie-udziela-wywiadow-bialym-osobom-sprawdzamy/,Czy burmistrzyni Chicago nie udziela wywiadów białym osobom? Sprawdzamy,W większości fałsz, 24-5-2021
11,https://fakenews.pl/polityka/falszywy-palestynski-film-dyskredytuje-izrael-to-fake-news/,Fałszywy palestyński film dyskredytuje Izrael? To fake news,Fałsz, 17-5-2021
12,https://fakenews.pl/polityka/pap-jest-porozumienie-ws-zawieszenia-patentow-na-szczepionki-to-nieprawda/,PAP: Jest porozumienie ws. zawieszenia patentów na szczepionki. To nieprawda,Fałsz, 10-5-2021
13,https://fakenews.pl/polityka/rzad-potajemnie-podpisal-porozumienie-z-izraelem-to-fake-news/,Rząd potajemnie podpisał porozumienie z Izraelem? To fake news,Fałsz, 26-3-2021
14,https://fakenews.pl/polityka/czy-jaroslaw-kaczynski-wspolpracowal-z-wladzami-prl-to-sfalszowane-dokumenty/,Czy Jarosław Kaczyński współpracował z władzami PRL? To sfałszowane dokumenty,Fałsz, 4-3-2021
15,https://fakenews.pl/polityka/dokument-onz-zapowiada-nowy-porzadek-swiata-to-fake-news/,Dokument ONZ zapowiada „Nowy Porządek Świata”? To fake news,Fałsz, 15-2-2021
16,https://fakenews.pl/polityka/nominacja-do-pokojowej-nagrody-nobla-dla-ruchu-blm-analiza/,Nominacja do Pokojowej Nagrody Nobla dla ruchu BLM. Analiza,Analiza, 8-2-2021
17,https://fakenews.pl/polityka/nie-michael-carpenter-nie-zostanie-ambasadorem-usa-w-polsce/,"Nie, Michael Carpenter nie zostanie ambasadorem USA w Polsce",Fałsz, 7-2-2021
18,https://fakenews.pl/polityka/nie-wypowiedz-ministra-czarnka-w-sprawie-otylosci-zwlaszcza-wsrod-dziewczat-nie-zostala-zmanipulowana/,"Nie, wypowiedź ministra Czarnka w sprawie otyłości “zwłaszcza wśród dziewcząt” nie została zmanipulowana",Fałsz, 5-2-2021
19,https://fakenews.pl/polityka/czy-donald-trump-powiedzial-na-placu-w-warszawie-walczylem-za-was/,Czy Donald Trump powiedział “na placu w Warszawie walczyłem za was”?,Manipulacja, 21-1-2021
20,https://fakenews.pl/polityka/inauguracja-joe-bidena-bez-dudy-orbana-i-putina/,"Inauguracja Joe Bidena bez Dudy, Orbana i Putina?",Fałsz, 11-12-2020
21,https://fakenews.pl/polityka/czy-premier-morawiecki-powiedzial-kto-umrze-to-umrze-i-trudno/,"Czy premier Morawiecki powiedział “kto umrze, to umrze i trudno”? Wyjaśniamy.",Manipulacja, 16-10-2020
22,https://fakenews.pl/polityka/premier-morawiecki-i-deepfake-wyjasniamy-niescislosci/,Premier Morawiecki i deepfake. Wyjaśniamy nieścisłości.,Fałsz, 29-9-2020
23,https://fakenews.pl/polityka/amerykanscy-obywatele-beda-mogli-posiadac-i-nosic-bron-na-terenie-polski-sprawdzamy/,Amerykańscy obywatele będą mogli posiadać i nosić broń na terenie Polski? Sprawdzamy.,Manipulacja, 24-9-2020
24,https://fakenews.pl/polityka/nie-sprawa-mierzei-wislanej-nie-trafi-do-tsue/,"Nie, sprawa Mierzei Wiślanej nie trafi do TSUE.",Fałsz, 14-9-2020
25,https://fakenews.pl/polityka/pedofilska-partia-reaktywowana-w-holandii-wyjasniamy/,Pedofilska partia reaktywowana w Holandii. Wyjaśniamy.,Analiza, 12-9-2020
26,https://fakenews.pl/polityka/polska-amunicja-a-protesty-na-bialorusi/,Polska amunicja a protesty na Białorusi,Prawda, 14-8-2020
27,https://fakenews.pl/polityka/konwencja-stambulska-a-gender-i-polska-rodzina-wyjasniamy-kontrowersje/,Konwencja Stambulska a gender i polska rodzina. Wyjaśniamy kontrowersje,Fałsz, 1-8-2020
28,https://fakenews.pl/polityka/mateusz-morawiecki-a-praworzadnosc-sprawdzamy-wypowiedz-premiera/,"Mateusz Morawiecki a praworządność, sprawdzamy wypowiedź premiera.",Fałsz, 23-7-2020
29,https://fakenews.pl/polityka/sfalszowane-wybory-prezydenckie-sprawdzamy-popularne-grafiki/,Sfałszowane wybory prezydenckie? Sprawdzamy popularne grafiki.,Fałsz, 13-7-2020
30,https://fakenews.pl/polityka/ksspr-konskie-dementuje-ze-znaleziono-scenariusz-debaty/,"KSSPR Końskie dementuje, że znaleziono scenariusz debaty",Fałsz, 9-7-2020
31,https://fakenews.pl/polityka/andrzej-duda-podwojnie-na-karcie-wyborczej-to-przerobka/,Andrzej Duda podwójnie na karcie wyborczej? To przeróbka.,Fałsz, 8-7-2020
32,https://fakenews.pl/polityka/czy-andrzej-duda-wykorzystal-prompter-podczas-debaty-w-konskich/,Czy Andrzej Duda wykorzystał prompter podczas debaty w Końskich? Sprawdzamy,Fałsz, 8-7-2020
33,https://fakenews.pl/polityka/nie-rafal-trzaskowski-nie-korzystal-z-promptera-podczas-areny-prezydenckiej/,"Nie, Rafał Trzaskowski nie korzystał z promptera podczas “Areny prezydenckiej”",Fałsz, 7-7-2020
34,https://fakenews.pl/polityka/morawiecki-koronawirus-w-odwrocie-sprawdzamy-slowa-premiera/,Morawiecki: “koronawirus w odwrocie”. Sprawdzamy słowa premiera.,Fałsz, 3-7-2020
35,https://fakenews.pl/polityka/czas-wyborow-czas-pytan-ile-prawdy-jest-w-prezydenckim-spocie/,"Czas wyborów, czas pytań. Ile prawdy jest w prezydenckim spocie?",W większości fałsz, 16-6-2020
36,https://fakenews.pl/polityka/adam-bielan-poparl-przemoc-na-wiecu-w-wieluniu-sprawdzamy-wypowiedz/,Adam Bielan poparł przemoc na wiecu w Wieluniu? Sprawdzamy wypowiedź.,Fałsz, 15-6-2020
37,https://fakenews.pl/polityka/szymon-holownia-nie-powiedzial-ze-kosciol-powinien-brac-czynny-udzial-w-dialogu-na-lamach-mownicy-sejmowej/,"Szymon Hołownia nie powiedział, że kościół powinien brać czynny udział w dialogu na łamach mównicy sejmowej",Fałsz, 15-6-2020
38,https://fakenews.pl/polityka/antifa-organizacja-terrorystyczna-sprawdzamy-slowa-trumpa/,Antifa organizacją terrorystyczną? Sprawdzamy słowa Trumpa.,Fałsz, 4-6-2020
39,https://fakenews.pl/polityka/wszyscy-tutaj-i-tak-zostali-juz-zaszczepieni-wyjasnienie-nagrania-z-bialego-domu/,“Wszyscy tutaj i tak zostali już zaszczepieni”. Wyjaśnienie nagrania z Białego Domu,0, 22-4-2020
40,https://fakenews.pl/polityka/yaakov-litzman-nie-powiedzial-ze-koronawirus-to-kara-boska-za-homoseksualizm/,"Yaakov Litzman nie powiedział, że koronawirus to kara boska za homoseksualizm",Fałsz, 17-4-2020
41,https://fakenews.pl/polityka/400-ton-nie-samolot-przywiozl-ok-80-ton-sprzetu-medycznego/,"400 ton? Nie, samolot przywiózł ok. 80 ton sprzętu medycznego",Fałsz, 15-4-2020
42,https://fakenews.pl/polityka/wybory-wiezienie-za-nieoddanie-karty-do-glosowania-nieprawda-zapis-zmieniono/,"Wybory: Więzienie za nieoddanie karty do głosowania? Nieprawda, zapis zmieniono",0, 8-4-2020
43,https://fakenews.pl/polityka/niemcom-wolno-polske-bruksela-chce-karac-nieprawda/,"Niemcom wolno, Polskę Bruksela chce karać? Nieprawda",Fałsz, 6-4-2020
44,https://fakenews.pl/polityka/morawiecki-unia-europejska-nie-dala-eurocenta-na-walke-z-koronawirusem-to-nieprawda/,Morawiecki: “Unia Europejska nie dała eurocenta na walkę z koronawirusem”. To nieprawda,Fałsz, 4-4-2020
45,https://fakenews.pl/polityka/nie-polska-nie-blokuje-rosyjskich-samolotow-wiozacych-pomoc-humanitarna/,"Nie, Polska nie blokuje rosyjskich samolotów wiozących pomoc humanitarną",Fałsz, 25-3-2020
46,https://fakenews.pl/polityka/nie-krzysztof-umiastowski-nie-zostal-skazany-prawomocnym-wyrokiem-sadu/,"Nie, Krzysztof Umiastowski nie został skazany prawomocnym wyrokiem sądu",Fałsz, 28-2-2020
47,https://fakenews.pl/polityka/lichocka-i-obrazliwy-gest-stenogramy-z-sejmu/,Lichocka i obraźliwy gest. Stenogramy z sejmu.,0, 20-2-2020
48,https://fakenews.pl/polityka/nie-komory-nie-przekazaly-chinom-100-euro-na-walke-z-koronawirusem/,"Nie, Komory nie przekazały Chinom 100 euro na walkę z koronawirusem",Nieprecyzyjna, 13-2-2020
49,https://fakenews.pl/polityka/federica-mogherini-mocno-o-jaroslawie-kaczynskim-to-fake/,Federica Mogherini mocno o Jarosławie Kaczyńskim? To fake,Fałsz, 17-12-2019
50,https://fakenews.pl/polityka/rosyjskie-trolle-wziely-na-cel-wojsko-polskie/,Rosyjskie trolle wzięły na cel Wojsko Polskie,Fałsz, 14-12-2019
51,https://fakenews.pl/polityka/pis-aresztowal-choinke-bozonarodzeniowa/,PiS aresztował choinkę bożonarodzeniową?,Fałsz, 13-12-2019
52,https://fakenews.pl/polityka/jaroslaw-kaczynski-ma-powiklania-po-operacji/,Jarosław Kaczyński ma powikłania po operacji?,Fałsz, 3-12-2019
53,https://fakenews.pl/polityka/petro-poroszenko-przemysl-i-ukrainskie-roszczenia/,"Petro Poroszenko, Przemyśl i ukraińskie roszczenia",Fałsz, 5-11-2019
54,https://fakenews.pl/polityka/amerykanska-ustawa-447-i-zydowskie-roszczenia/,Amerykańska Ustawa 447 i żydowskie roszczenia,Fałsz, 5-11-2019
55,https://fakenews.pl/polityka/donald-tusk-emerytura-zus-i-fake-news/,"Donald Tusk, emerytura, ZUS i fake news",Fałsz, 3-11-2019
56,https://fakenews.pl/polityka/czy-tvp-info-pominelo-prezydenta-adamowicza/,Czy TVP Info pominęło prezydenta Adamowicza?,W większości fałsz, 2-11-2019
57,https://fakenews.pl/polityka/andrzej-duda-nie-jest-prezydentem-wszystkich-polakow/,Andrzej Duda nie jest prezydentem wszystkich polaków?,W większości fałsz, 1-11-2019
58,https://fakenews.pl/polityka/uganda-poslowie-pis-i-rezolucja-parlamentu-europejskiego/,"Uganda, posłowie PiS i rezolucja Parlamentu Europejskiego",Fałsz, 29-10-2019
59,https://fakenews.pl/polityka/trybunal-stanu-dla-prezydenta-ten-mem-to-fake-news/,Trybunał stanu dla prezydenta? Ten mem to fake news,Fałsz, 28-10-2019
60,https://fakenews.pl/spoleczenstwo/dmuchanie-dymem-w-oczy-chlopca-nie-bylo-proba-manipulacji/,Dmuchanie dymem w oczy chłopca nie było próbą manipulacji,Fałsz, 9-11-2021
61,https://fakenews.pl/spoleczenstwo/bojka-w-amerykanskim-kosciele-nie-dotyczyla-braku-maseczki/,Bójka w amerykańskim kościele nie dotyczyła braku maseczki,Fałsz, 2-11-2021
62,https://fakenews.pl/spoleczenstwo/smierc-i-pyl-teorie-spiskowe-dotyczace-zamachow-z-11-wrzesnia-czesc-iii-nano-termit/,Śmierć i pył. Teorie spiskowe dotyczące zamachów z 11 września. Część III: Nano-termit,Analiza, 2-11-2021
63,https://fakenews.pl/spoleczenstwo/nie-to-nie-jest-prawdziwy-napad-na-sklep-w-szwecji/,"Nie, to nie jest prawdziwy napad na sklep w Szwecji",Fałsz, 31-10-2021
64,https://fakenews.pl/spoleczenstwo/matteo-moravezzi-vaclaw-stodola-krisi-bosakhi-czyli-internetowy-trolling-za-pomoca-faceapp-analiza/,"Matteo Moravezzi, Vaclaw Stodola, Krisi Bosakhi, czyli internetowy trolling za pomocą FaceApp. Analiza",Analiza, 27-10-2021
65,https://fakenews.pl/spoleczenstwo/nie-ten-mezczyzna-nie-opiekuje-sie-seniorami-w-swojej-wiosce/,"Nie, ten mężczyzna nie opiekuje się seniorami w swojej wiosce",Fałsz, 20-10-2021
66,https://fakenews.pl/spoleczenstwo/dziecko-spiace-w-polskim-lesie-nie-to-zdjecie-z-serbii-z-2015-roku/,"Dziecko śpiące w polskim lesie? Nie, to zdjęcie z Serbii z 2015 roku",Fałsz, 12-10-2021
67,https://fakenews.pl/spoleczenstwo/dziennikarze-wabili-dzieci-uchodzcow-slodyczami-by-zrobic-im-propagandowe-zdjecia-sprawdzamy/,"Dziennikarze wabili dzieci uchodźców słodyczami, by zrobić im propagandowe zdjęcia? Sprawdzamy",Fałsz, 8-10-2021
68,https://fakenews.pl/spoleczenstwo/blokada-wloch-przez-kierowcow-ciezarowek-sprawdzamy/,Blokada Włoch przez kierowców ciężarówek? Sprawdzamy,Fałsz, 29-9-2021
69,https://fakenews.pl/spoleczenstwo/smierc-i-pyl-teorie-spiskowe-dotyczace-zamachow-z-11-wrzesnia-czesc-ii-blizniacze-wieze/,Śmierć i pył. Teorie spiskowe dotyczące zamachów z 11 września. Część II: Bliźniacze Wieże,Analiza, 14-9-2021
70,https://fakenews.pl/spoleczenstwo/smierc-i-pyl-teorie-spiskowe-dotyczace-zamachow-z-11-wrzesnia-czesc-i-poszukiwacze-prawdy/,Śmierć i pył. Teorie spiskowe dotyczące zamachów z 11 września. Część I: Poszukiwacze “Prawdy”,Raport, 10-9-2021
71,https://fakenews.pl/spoleczenstwo/229-misjonarzy-skazanych-na-smierc-w-afganistanie-to-fake-news/,229 misjonarzy skazanych na śmierć w Afganistanie? To fake news,Fałsz, 27-8-2021
72,https://fakenews.pl/spoleczenstwo/czy-szejk-raszid-mowil-ze-slabi-ludzie-tworza-trudne-czasy-sprawdzamy/,"Czy szejk Raszid mówił, że “słabi ludzie tworzą trudne czasy”? Sprawdzamy",W większości fałsz, 25-8-2021
73,https://fakenews.pl/spoleczenstwo/kobiety-i-dzieci-pozostawione-na-pastwe-losu-w-afganistanie-wyjasniamy/,Kobiety i dzieci pozostawione na pastwę losu w Afganistanie? Wyjaśniamy,Fałsz, 20-8-2021
74,https://fakenews.pl/spoleczenstwo/dziennikarka-cnn-zmuszona-do-zmiany-stroju-po-zdobyciu-kabulu-przez-talibow-analiza/,Dziennikarka CNN zmuszona do zmiany stroju po zdobyciu Kabulu przez Talibów? Analiza,Analiza, 18-8-2021
75,https://fakenews.pl/spoleczenstwo/wyciekly-filmy-z-umyslnych-podpalen-lasow-to-fake-news/,Wyciekły filmy z umyślnych podpaleń lasów? To fake news,Fałsz, 13-8-2021
76,https://fakenews.pl/spoleczenstwo/obezwladnienie-agresywnego-pacjenta-to-fragment-serialu-na-sygnale/,Obezwładnienie agresywnego pacjenta? To fragment serialu “Na Sygnale”,Fałsz, 11-8-2021
77,https://fakenews.pl/spoleczenstwo/abel-mutai-i-ivan-fernandez-czy-historia-dwoch-biegaczy-jest-prawdziwa-wyjasniamy/,Abel Mutai i Ivan Fernandez. Czy historia dwóch biegaczy jest prawdziwa? Wyjaśniamy,W większości prawda, 9-8-2021
78,https://fakenews.pl/spoleczenstwo/nie-odznaczona-kobieta-z-grodziska-nie-szczepila-wczesniej-ministra-niedzielskiego/,"Nie, odznaczona kobieta z Grodziska nie szczepiła wcześniej ministra Niedzielskiego",Fałsz, 30-7-2021
79,https://fakenews.pl/spoleczenstwo/nie-who-nie-zaoferowala-prezydentowi-madagaskaru-lapowki/,"Nie, WHO nie zaoferowała prezydentowi Madagaskaru łapówki",Fałsz, 23-7-2021
80,https://fakenews.pl/spoleczenstwo/nagranie-policji-bijacej-brawa-nie-pochodzi-z-ostatnich-manifestacji-we-francji/,Nagranie policji bijącej brawa nie pochodzi z ostatnich manifestacji we Francji,Fałsz, 22-7-2021
81,https://fakenews.pl/spoleczenstwo/nie-to-zdjecie-nie-pochodzi-z-demonstracji-17-lipca-we-francji/,"Nie, to zdjęcie nie pochodzi z demonstracji 17 lipca we Francji",Fałsz, 20-7-2021
82,https://fakenews.pl/spoleczenstwo/puste-trumny-ofiar-covid-19-w-ugandzie-sprawdzamy/,Puste trumny ofiar COVID-19 w Ugandzie? Sprawdzamy,Fałsz, 14-7-2021
83,https://fakenews.pl/spoleczenstwo/upal-w-kuwejcie-73-stopnie-roztapia-samochody-to-fake-news/,Upał w Kuwejcie +73 stopnie roztapia samochody? To fake news,Fałsz, 12-7-2021
84,https://fakenews.pl/spoleczenstwo/znak-ok-symbolem-bialej-supremacji-analiza/,Znak “OK” symbolem białej supremacji? Analiza,Analiza, 9-7-2021
85,https://fakenews.pl/spoleczenstwo/chlopiec-zostal-oskarzony-o-kradziez-jedzenia-nie-sprawa-dotyczyla-morderstwa/,"Chłopiec został oskarżony o kradzież jedzenia? Nie, sprawa dotyczyła morderstwa",Fałsz, 2-7-2021
86,https://fakenews.pl/spoleczenstwo/ceny-paliw-w-polsce-przekroczyly-granice-szesciu-zlotych-sprawdzamy/,Ceny paliw w Polsce przekroczyły granicę sześciu złotych? Sprawdzamy,Manipulacja, 29-6-2021
87,https://fakenews.pl/spoleczenstwo/narodziny-dziesieciorga-dzieci-w-rpa-to-fake-news/,Narodziny dziesięciorga dzieci w RPA to fake news,Manipulacja, 24-6-2021
88,https://fakenews.pl/spoleczenstwo/nie-plaszczka-z-filmu-na-tiktoku-sie-nie-smieje/,"Nie, płaszczka z filmu na TikToku się nie śmieje",Fałsz, 23-6-2021
89,https://fakenews.pl/spoleczenstwo/cristiano-ronaldo-obnizyl-wartosc-koncernu-coca-cola-o-4-miliardy-to-fake-news/,Cristiano Ronaldo obniżył wartość koncernu Coca-Cola o 4 miliardy? To fake news,Fałsz, 22-6-2021
90,https://fakenews.pl/spoleczenstwo/czy-uniwersytet-jagiellonski-dokonuje-segregacji-studentow-ze-wzgledu-na-plec-to-nieprawda/,Czy Uniwersytet Jagielloński dokonuje segregacji studentów ze względu na płeć? To nieprawda,Fałsz, 19-6-2021
91,https://fakenews.pl/spoleczenstwo/nie-polska-nie-rezygnuje-ze-szczepien-preparatem-astrazeneca/,"Nie, Polska nie rezygnuje ze szczepień preparatem AstraZeneca",Fałsz, 10-6-2021
92,https://fakenews.pl/spoleczenstwo/ludzie-w-rosji-porzucaja-wozki-sklepowe-gdy-sa-proszeni-o-zalozenie-maseczek-to-fake-news/,"Ludzie w Rosji porzucają wózki sklepowe, gdy są proszeni o założenie maseczek? To fake news",Fałsz, 8-6-2021
93,https://fakenews.pl/spoleczenstwo/pudla-po-bananach-udaja-trumny-ofiar-covid-19-to-fake-news/,Pudła po bananach udają trumny ofiar COVID-19? To fake news,Fałsz, 3-6-2021
94,https://fakenews.pl/spoleczenstwo/czy-srodowiska-lgbt-akceptuja-pedofilie-to-fake-news/,Czy środowiska LGBT+ akceptują pedofilię? To fake news,Fałsz, 28-5-2021
95,https://fakenews.pl/spoleczenstwo/czy-ruch-odrodzenia-zydowskiego-w-polsce-postuluje-powrot-milionow-zydow-do-polski/,Czy Ruch Odrodzenia Żydowskiego w Polsce postuluje powrót milionów Żydów do Polski?,W większości fałsz, 3-5-2021
96,https://fakenews.pl/spoleczenstwo/czy-jacques-attali-faktycznie-mowil-o-planowanej-pandemii-juz-w-1981-roku/,Czy Jacques Attali faktycznie mówił o planowanej pandemii już w 1981 roku?,W większości fałsz, 1-5-2021
97,https://fakenews.pl/spoleczenstwo/ksiadz-zostal-uderzony-przez-kobiete-za-molestowanie-dziecka-brak-dowodow/,Ksiądz został uderzony przez kobietę za molestowanie dziecka? Brak dowodów,Brak dowodów, 14-4-2021
98,https://fakenews.pl/spoleczenstwo/nie-to-nie-sa-polscy-policjanci-to-nagranie-z-mostaru/,"Nie, to nie są polscy policjanci. To nagranie z Mostaru",Fałsz, 14-4-2021
99,https://fakenews.pl/spoleczenstwo/francuscy-policjanci-staneli-po-stronie-obywateli-sprawdzamy/,Francuscy policjanci stanęli po stronie obywateli? Sprawdzamy,Fałsz, 13-4-2021
100,https://fakenews.pl/spoleczenstwo/nie-rzad-nie-wprowadza-zakazu-puszczania-psow-bez-smyczy/,"Nie, rząd nie wprowadza zakazu puszczania psów bez smyczy",Fałsz, 7-4-2021
101,https://fakenews.pl/spoleczenstwo/czy-aldous-huxley-mowil-o-ostatecznej-rewolucji-sprawdzamy/,Czy Aldous Huxley mówił o “ostatecznej rewolucji”? Sprawdzamy,Prawda, 1-4-2021
102,https://fakenews.pl/spoleczenstwo/nie-to-nie-jest-pusty-oddzial-covidowy/,"Nie, to nie jest pusty oddział „covidowy”",Fałsz, 29-3-2021
103,https://fakenews.pl/spoleczenstwo/tak-angela-merkel-przeprosila-za-plan-wielkanocnego-lockdownu/,"Tak, Angela Merkel przeprosiła za plan wielkanocnego lockdownu",Prawda, 24-3-2021
104,https://fakenews.pl/spoleczenstwo/minister-przemyslaw-czarnek-zamierza-usunac-jezyk-obcy-z-matury-to-fake-news/,Minister Przemysław Czarnek zamierza usunąć język obcy z matury? To fake news,Fałsz, 22-3-2021
105,https://fakenews.pl/spoleczenstwo/nie-homoseksualisci-nie-odpowiadaja-za-ponad-50-przypadkow-pedofilii/,"Nie, homoseksualiści nie odpowiadają za ponad 50% przypadków pedofilii",Fałsz, 19-3-2021
106,https://fakenews.pl/spoleczenstwo/lezaki-plazowe-tylko-dla-zaszczepionych-sprawdzamy/,Leżaki plażowe tylko dla zaszczepionych? Sprawdzamy,W większości fałsz, 12-3-2021
107,https://fakenews.pl/spoleczenstwo/nie-ten-film-nie-jest-dowodem-na-wyrezyserowana-pandemie/,"Nie, ten film nie jest dowodem na “wyreżyserowaną” pandemię",Fałsz, 10-3-2021
108,https://fakenews.pl/spoleczenstwo/tvp-kobieta-wjechala-w-stacje-orlen-w-rymaniu-inspirowana-przez-opozycje-manipulacja/,TVP: kobieta wjechała w stację Orlen w Rymaniu inspirowana przez opozycję. Manipulacja,Manipulacja, 1-3-2021
109,https://fakenews.pl/spoleczenstwo/nie-isaac-singer-nie-powiedzial-was-polakow-nie-bedzie/,"Nie, Isaac Singer nie powiedział “Was, Polaków, nie będzie”",Fałsz, 27-2-2021
110,https://fakenews.pl/spoleczenstwo/nie-w-rosji-nie-zaczeli-szczepic-sila-wdzierajac-sie-do-mieszkan/,"Nie, w Rosji nie zaczęli szczepić siłą, wdzierając się do mieszkań",Satyra / Żart, 26-2-2021
111,https://fakenews.pl/spoleczenstwo/nie-zdjecia-z-madrytu-i-bukaresztu-nie-przedstawiaja-protestow-przeciw-obostrzeniom/,"Nie, zdjęcia z Madrytu i Bukaresztu nie przedstawiają protestów przeciw obostrzeniom",Fałsz, 23-2-2021
112,https://fakenews.pl/spoleczenstwo/porwano-corke-wraz-z-moja-przyjaciolka-to-kolejne-internetowe-oszustwo/,„Porwano córkę wraz z moją przyjaciółką!” to kolejne internetowe oszustwo,Scam / Oszustwo, 19-2-2021
113,https://fakenews.pl/spoleczenstwo/nie-otwarcie-tunelu-swietego-gotarda-nie-bylo-ceremonia-satanistyczna/,"Nie, otwarcie tunelu świętego Gotarda nie było ceremonią satanistyczną",Fałsz, 18-2-2021
114,https://fakenews.pl/spoleczenstwo/andrzej-duda-wolnosc-slowa-wieksza-niz-przed-2015-rokiem-sprawdzamy/,Andrzej Duda: wolność słowa większa niż przed 2015 rokiem. Sprawdzamy,Fałsz, 11-2-2021
115,https://fakenews.pl/spoleczenstwo/nie-obraz-z-wloskiej-gazety-z-1962-nie-przedstawia-2022-roku/,"Nie, obraz z włoskiej gazety z 1962 nie przedstawia 2022 roku",Fałsz, 10-2-2021
116,https://fakenews.pl/spoleczenstwo/nie-jeff-bezos-nie-zrezygnowal-z-funkcji-ceo-tuz-po-tym-jak-amazon-wszedl-do-polski/,"Nie, Jeff Bezos nie zrezygnował z funkcji CEO tuż po tym, jak Amazon wszedł do Polski",Fałsz, 3-2-2021
117,https://fakenews.pl/spoleczenstwo/tak-oswiadczenia-kandydatow-do-bierzmowania-ws-strajku-kobiet-sa-prawdziwe/,"Tak, oświadczenia kandydatów do bierzmowania ws. Strajku Kobiet są prawdziwe",Prawda, 26-1-2021
118,https://fakenews.pl/spoleczenstwo/pierwsze-zimowe-wejscie-na-k2-i-popularny-falszywy-film/,Pierwsze zimowe wejście na K2 i popularny fałszywy film,Fałsz, 19-1-2021
119,https://fakenews.pl/spoleczenstwo/anthony-hopkins-i-falszywy-tekst-motywacyjny/,Anthony Hopkins i fałszywy tekst motywacyjny,Fałsz, 14-1-2021
120,https://fakenews.pl/spoleczenstwo/sztuczny-plastikowy-snieg-w-hiszpanii-pali-sie-na-czarno-to-naturalne-zjawisko/,Sztuczny plastikowy śnieg w Hiszpanii pali się na czarno? To naturalne zjawisko,Fałsz, 13-1-2021
121,https://fakenews.pl/spoleczenstwo/policjanci-zaplaca-z-wlasnej-kieszeni-odszkodowania-za-mandaty-sprawdzamy/,Policjanci zapłacą z własnej kieszeni odszkodowania za mandaty? Sprawdzamy,Fałsz, 12-1-2021
122,https://fakenews.pl/spoleczenstwo/nie-minister-czarnek-nie-zmienil-tresci-wiersza-kto-ty-jestes/,"Nie, minister Czarnek nie zmienił treści wiersza “Kto ty jesteś?”",Fałsz, 12-1-2021
123,https://fakenews.pl/spoleczenstwo/nie-papiez-franciszek-nie-zostal-aresztowany-to-fake-news/,"Nie, papież Franciszek nie został aresztowany. To fake news",Fałsz, 11-1-2021
124,https://fakenews.pl/spoleczenstwo/nie-wszystko-oprocz-pracy-bylo-zakazane-to-nie-cytat-z-orwella/,"Nie, “Wszystko oprócz pracy było zakazane” to nie cytat z Orwella",Fałsz, 9-1-2021
125,https://fakenews.pl/spoleczenstwo/nawet-za-hitlera-aborcja-byla-legalna-to-zdjecie-ze-strajku-kobiet-to-fotomontaz/,“Nawet za Hitlera aborcja była legalna” – To zdjęcie ze Strajku Kobiet to fotomontaż,Fałsz, 1-1-2021
126,https://fakenews.pl/spoleczenstwo/nie-to-zdjecie-nie-przedstawia-wycieku-ropy-z-terminalu-orlenu/,"Nie, to zdjęcie nie przedstawia wycieku ropy z terminalu Orlenu",Fałsz, 29-12-2020
127,https://fakenews.pl/spoleczenstwo/karp-na-wigilijnym-stole-wymyslem-prl-sprawdzamy/,Karp na wigilijnym stole wymysłem PRL? Sprawdzamy,W większości prawda, 24-12-2020
128,https://fakenews.pl/spoleczenstwo/tak-sylwestrowy-zakaz-przemieszczania-sie-jest-nielegalny/,"Tak, sylwestrowy zakaz przemieszczania się jest nielegalny.",Prawda, 18-12-2020
129,https://fakenews.pl/spoleczenstwo/nie-feministki-nie-chca-zmiany-slowa-historia-na-herstoria/,"Nie, feministki nie chcą zmiany słowa „historia” na „herstoria”",Fałsz, 15-12-2020
130,https://fakenews.pl/spoleczenstwo/mandat-za-osiem-gwiazd-na-samochodzie-sprawdzamy/,Mandat za osiem gwiazd na samochodzie? Sprawdzamy,Fałsz, 14-12-2020
131,https://fakenews.pl/spoleczenstwo/nie-teczowy-mikolaj-nie-zostal-zatrzymany-przez-policje/,"Nie, tęczowy Mikołaj nie został zatrzymany przez Policję.",Fałsz, 8-12-2020
132,https://fakenews.pl/spoleczenstwo/rosyjska-propaganda-o-cwiczeniach-polsko-amerykanskich-pijanstwo-konflikty-bojki/,"Rosyjska propaganda o ćwiczeniach polsko-amerykańskich. „Pijaństwo, konflikty, bójki.”",Fałsz, 4-12-2020
133,https://fakenews.pl/spoleczenstwo/kazimierz-smolinski-o-ucieczce-malzenstwa-z-autystycznym-synem-do-polski-sprawdzamy/,Kazimierz Smoliński o ucieczce małżeństwa z autystycznym synem do Polski. Sprawdzamy.,W większości fałsz, 3-12-2020
134,https://fakenews.pl/spoleczenstwo/dzialacze-pis-oraz-ich-znajomi-i-rodziny-w-programie-motel-polska/,Działacze PiS oraz ich znajomi i rodziny w programie „Motel Polska”,Prawda, 27-11-2020
135,https://fakenews.pl/spoleczenstwo/nie-transseksualny-czlowiek-jelen-nie-zostal-postrzelony-przez-mysliwych/,"Nie, transseksualny człowiek-jeleń nie został postrzelony przez myśliwych",Fałsz, 27-11-2020
136,https://fakenews.pl/spoleczenstwo/nie-george-soros-nie-zostal-aresztowany-za-oszustwa-wyborcze/,"Nie, George Soros nie został aresztowany za oszustwa wyborcze",Fałsz, 25-11-2020
137,https://fakenews.pl/spoleczenstwo/ambulans-zablokowany-przez-strajk-kobiet-to-fake-news/,Ambulans zablokowany przez Strajk Kobiet? To fake news,Fałsz, 24-11-2020
138,https://fakenews.pl/spoleczenstwo/podwyzki-dla-policjantow-za-tlumienie-protestow-sprawdzamy/,Podwyżki dla policjantów za tłumienie protestów? Sprawdzamy,Analiza, 20-11-2020
139,https://fakenews.pl/spoleczenstwo/afera-wyborcza-w-usa-trump-jednak-wygra-sprawdzamy/,Afera wyborcza w USA? Trump jednak wygra? Sprawdzamy,Analiza, 18-11-2020
140,https://fakenews.pl/spoleczenstwo/antifa-przyznaje-sie-do-prowokacji-na-marszu-niepodleglosci-to-fake-news/,Antifa przyznaje się do prowokacji na Marszu Niepodległości? To fake news,Fałsz, 11-11-2020
141,https://fakenews.pl/spoleczenstwo/stan-wyjatkowy-to-falszywe-nagranie-z-marca-2020/,Stan wyjątkowy? To fałszywe nagranie z marca 2020.,Fałsz, 29-10-2020
142,https://fakenews.pl/spoleczenstwo/terlecki-o-symbolu-strajku-kobiet-hitlerjugend-i-ss-to-manipulacja/,Terlecki o symbolu Strajku Kobiet: Hitlerjugend i SS. To manipulacja.,Manipulacja, 28-10-2020
143,https://fakenews.pl/spoleczenstwo/nie-andrzej-wejngold-nie-zostal-wynajety-przez-szpital-miejski-w-elblagu/,"Nie, Andrzej Wejngold nie został wynajęty przez Szpital Miejski w Elblągu",Fałsz, 27-10-2020
144,https://fakenews.pl/spoleczenstwo/co-powiedzial-papiez-franciszek-o-zwiazkach-partnerskich/,Co powiedział papież Franciszek o związkach partnerskich?,Prawda, 23-10-2020
145,https://fakenews.pl/spoleczenstwo/narkotyki-nie-beda-sprzedawane-miedzy-2000-a-700-tak-w-holandii/,"Narkotyki nie będą sprzedawane między 20:00 a 7:00? Tak, w Holandii.",Prawda, 16-10-2020
146,https://fakenews.pl/spoleczenstwo/zakaz-sprzedazy-alkoholu-po-19-to-fake-news/,Zakaz sprzedaży alkoholu po 19? To fake news.,Fałsz, 15-10-2020
147,https://fakenews.pl/spoleczenstwo/petycja-w-sprawie-zmiany-nazwy-lks-tecza-krasnik-to-zart/,Petycja w sprawie zmiany nazwy LKS „Tęcza” Kraśnik. To żart.,Satyra / Żart, 13-10-2020
148,https://fakenews.pl/spoleczenstwo/policjant-bez-maseczki-na-marszu-dotarlismy-do-pelnego-materialu-wideo/,Policjant bez maseczki na marszu. Dotarliśmy do pełnego materiału wideo.,Manipulacja, 12-10-2020
149,https://fakenews.pl/spoleczenstwo/nie-500-nie-bedzie-wyplacane-w-bonach-to-fake-news/,"Nie, 500+ nie będzie wypłacane w bonach. To fake news.",Fałsz, 7-10-2020
150,https://fakenews.pl/spoleczenstwo/polska-nigdy-nie-karala-za-homoseksualizm-sprawdzamy/,Polska nigdy nie karała za homoseksualizm? Sprawdzamy.,Fałsz, 5-10-2020
151,https://fakenews.pl/spoleczenstwo/to-nie-sa-swastyki-na-zydowskim-cmentarzu-w-polsce/,To nie są swastyki na żydowskim cmentarzu w Polsce.,Fałsz, 1-10-2020
152,https://fakenews.pl/spoleczenstwo/napady-i-kradzieze-na-lesbos-nie-to-walka-o-wode-pitna/,"Napady i kradzieże na Lesbos? Nie, to walka o wodę pitną.",Fałsz, 18-9-2020
153,https://fakenews.pl/spoleczenstwo/sniete-ryby-w-wisle-fakty-i-manipulacje/,"Śnięte ryby w Wiśle, fakty i manipulacje.",W większości prawda, 8-9-2020
154,https://fakenews.pl/spoleczenstwo/nie-to-nie-jest-zanieczyszczone-ujscie-wisly-po-awarii-czajki/,"Nie, to nie jest zanieczyszczone ujście Wisły po awarii “Czajki”",Fałsz, 6-9-2020
155,https://fakenews.pl/spoleczenstwo/scieki-plynace-wisla-uchwycone-na-zdjeciu-to-manipulacja/,Ścieki płynące Wisłą uchwycone na zdjęciu. To manipulacja.,Fałsz, 4-9-2020
156,https://fakenews.pl/spoleczenstwo/nie-edukatorzy-seksualni-nie-podaja-dzieciom-srodkow-na-zmiane-plci/,"Nie, edukatorzy seksualni nie podają dzieciom środków na zmianę płci.",Fałsz, 3-9-2020
157,https://fakenews.pl/spoleczenstwo/plan-lekcji-z-duza-liczba-godzin-religii-wyjasniamy-grafike/,Plan lekcji z dużą liczbą godzin religii? Wyjaśniamy grafikę.,Manipulacja, 2-9-2020
158,https://fakenews.pl/spoleczenstwo/17-letni-kyle-rittenhouse-na-zamieszkach-w-kenoshy-analiza-materialow/,17-letni Kyle Rittenhouse na zamieszkach w Kenoshy. Analiza materiałów.,Analiza, 31-8-2020
159,https://fakenews.pl/spoleczenstwo/kaja-godek-o-najnizszej-czarnej-rasie-to-fake-news/,Kaja Godek o “najniższej czarnej rasie”. To fake news.,Fałsz, 26-8-2020
160,https://fakenews.pl/spoleczenstwo/wybuch-w-bejrucie-teorie-spiskowe-i-fakty/,"Wybuch w Bejrucie, teorie spiskowe i fakty",Raport, 5-8-2020
161,https://fakenews.pl/spoleczenstwo/falszywy-zakaz-halloween-czyli-jak-dzialaja-obywatelskie-petycje-i-jak-manipuluja-nami-media/,"Fałszywy zakaz Halloween, czyli jak działają obywatelskie petycje i jak manipulują nami media",Fałsz, 18-7-2020
162,https://fakenews.pl/spoleczenstwo/nie-tinder-nie-ostrzega-uzytkownikow-lgbt-przed-polska/,"Nie, Tinder nie ostrzega użytkowników LGBT przed Polską",Fałsz, 16-7-2020
163,https://fakenews.pl/spoleczenstwo/fall-cabal-upadek-kabaly-janet-ossebaard-czesc-3-wyjasniamy/,Fall Cabal – Upadek Kabały Janet Ossebaard – Część 3. Wyjaśniamy,Fałsz, 6-7-2020
164,https://fakenews.pl/spoleczenstwo/pasek-tvp-info-rafala-trzaskowskiego-nadal-nie-ma-to-przerobka/,Pasek TVP Info “Rafała Trzaskowskiego nadal nie ma” to przeróbka.,Fałsz, 25-6-2020
165,https://fakenews.pl/spoleczenstwo/obowiazkowy-lokalizator-tak-ale-dla-pojazdow-o-masie-powyzej-35-tony/,"Obowiązkowy lokalizator? Tak, ale dla pojazdów o masie powyżej 3,5 tony",W większości fałsz, 22-6-2020
166,https://fakenews.pl/spoleczenstwo/fall-cabal-upadek-kabaly-janet-ossebaard-czesc-2-wyjasniamy/,Fall Cabal – Upadek Kabały Janet Ossebaard – Część 2. Wyjaśniamy,Fałsz, 21-5-2020
167,https://fakenews.pl/spoleczenstwo/bill-gates-oskarzony-i-niebawem-aresztowany-przez-wlochy-to-manipulacja/,Bill Gates oskarżony i niebawem aresztowany przez Włochy? Sprawdzamy,Fałsz, 20-5-2020
168,https://fakenews.pl/spoleczenstwo/ten-sam-chlopiec-umiera-4-razy-na-covid-19-to-manipulacja/,Ten sam chłopiec umiera 4 razy na COVID-19? To manipulacja.,Fałsz, 20-5-2020
169,https://fakenews.pl/spoleczenstwo/polska-policja-pracuje-dla-blackwater-to-fake-news/,Polska Policja pracuje dla Blackwater? To fake news,Fałsz, 13-5-2020
170,https://fakenews.pl/spoleczenstwo/wyjasniamy-fall-cabal-upadek-kabaly-janet-ossebaard-czesc-1/,Fall Cabal – Upadek Kabały Janet Ossebaard – Część 1. Wyjaśniamy,Fałsz, 9-5-2020
171,https://fakenews.pl/spoleczenstwo/stary-fake-news-o-dzieciach-z-hampstead-wykorzystany-do-wyludzania-pieniedzy/,Stary fake news o dzieciach z Hampstead wykorzystany do wyłudzania pieniędzy,Scam / Oszustwo, 6-5-2020
172,https://fakenews.pl/spoleczenstwo/papiez-franciszek-jako-hologram-to-fake-news/,Papież Franciszek jako hologram? To fake news,Fałsz, 16-4-2020
173,https://fakenews.pl/spoleczenstwo/hart-island-dezinformacja-i-niescislosci-wyjasniamy-wszystko/,Hart Island – Dezinformacja i nieścisłości. Wyjaśniamy wszystko.,0, 11-4-2020
174,https://fakenews.pl/spoleczenstwo/kobiety-podczas-epidemii-hiszpanskiej-grypy-nie-to-zdjecie-z-1913-roku/,"Kobiety podczas epidemii “Hiszpańskiej grypy”? Nie, to zdjęcie z 1913 roku",Fałsz, 10-4-2020
175,https://fakenews.pl/spoleczenstwo/to-nie-jest-szef-policji-z-ugandy-to-youtuber-z-seattle/,"To nie jest szef policji z Ugandy, to YouTuber z Seattle",Fałsz, 9-4-2020
176,https://fakenews.pl/spoleczenstwo/tak-ten-zolnierz-niesie-osla-ale-nie-przez-pole-minowe/,"Tak, ten żołnierz niesie osła, ale nie przez pole minowe",W większości fałsz, 5-4-2020
177,https://fakenews.pl/spoleczenstwo/nie-w-indiach-nie-pojawil-sie-gatunek-uznany-za-wymarly/,"Nie, w Indiach nie pojawił się gatunek uznany za wymarły",Fałsz, 29-3-2020
178,https://fakenews.pl/spoleczenstwo/nie-ksiadz-berardelli-nie-oddal-respiratora-przed-smiercia-innej-osobie/,"Nie, ksiądz Berardelli nie oddał respiratora przed śmiercią innej osobie",Fałsz, 28-3-2020
179,https://fakenews.pl/spoleczenstwo/nie-ten-pociag-nie-przewozi-covid-19-to-przerobka/,"Nie, ten pociąg nie przewozi COVID-19, to przeróbka",Fałsz, 26-3-2020
180,https://fakenews.pl/spoleczenstwo/tak-te-pojazdy-wojskowe-wywoza-trumny-z-bergamo/,"Tak, te pojazdy wojskowe wywożą trumny z Bergamo",Prawda, 24-3-2020
181,https://fakenews.pl/spoleczenstwo/nie-to-nie-sa-trumny-w-kosciele-w-bergamo/,"Nie, to nie są trumny w kościele w Bergamo",Fałsz, 23-3-2020
182,https://fakenews.pl/spoleczenstwo/przebierancy-z-katowic-okradaja-ludzi-to-fake-news/,“Przebierańcy z Katowic” okradają ludzi? To fake news,Fałsz, 17-3-2020
183,https://fakenews.pl/spoleczenstwo/masowe-szczepienia-wsparcie-zywieniowe-przekazanie-srodkow-to-scam/,"Masowe szczepienia, wsparcie żywieniowe, przekazanie środków? To scam",0, 16-3-2020
184,https://fakenews.pl/spoleczenstwo/wielkopolska-policja-apeluje-w-sprawie-fake-news/,Wielkopolska Policja apeluje w sprawie fake news,0, 14-3-2020
185,https://fakenews.pl/spoleczenstwo/nie-zdjecie-tonacych-uchodzcow-nie-jest-ustawione/,"Nie, zdjęcie tonących uchodźców nie jest ustawione",Fałsz, 12-3-2020
186,https://fakenews.pl/spoleczenstwo/nie-imigranci-nie-bija-ani-nie-podduszaja-dzieci-nad-dymem/,"Nie, imigranci nie biją ani nie podduszają dzieci nad dymem",Fałsz, 8-3-2020
187,https://fakenews.pl/spoleczenstwo/przerazajacy-film-o-koronawirusie-analiza-fragmentow/,Przerażający film o koronawirusie. Analiza fragmentów.,0, 2-3-2020
188,https://fakenews.pl/spoleczenstwo/nie-dean-koontz-nie-przewidzial-koronawirusa-z-wuhan/,"Nie, Dean Koontz nie przewidział koronawirusa z Wuhan",Fałsz, 26-2-2020
189,https://fakenews.pl/spoleczenstwo/czy-przesladowany-9-latek-quaden-bayles-ma-18-lat/,Czy prześladowany 9-latek Quaden Bayles ma 18 lat?,Fałsz, 23-2-2020
190,https://fakenews.pl/spoleczenstwo/czy-zolte-tabliczki-strefa-wolna-od-lgbt-sa-prawdziwe/,Czy żółte tabliczki „strefa wolna od LGBT” wiszą w polskich miastach? Wyjaśniamy.,0, 10-2-2020
191,https://fakenews.pl/spoleczenstwo/zywe-psy-i-koty-jako-przyneta-na-rekiny/,Żywe psy i koty jako przynęta na rekiny?,W większości fałsz, 6-2-2020
192,https://fakenews.pl/spoleczenstwo/nie-to-nie-jest-targ-w-wuhan-to-targowisko-w-indonezji/,"Nie, to nie jest targ w Wuhan, to targowisko w Indonezji",Fałsz, 3-2-2020
193,https://fakenews.pl/spoleczenstwo/pozary-w-australii-odklamane-kilka-faktow/,Pożary w Australii odkłamane – kilka faktów,0, 17-1-2020
194,https://fakenews.pl/spoleczenstwo/australia-pozary-i-fake-news-podsumowanie/,"Australia, pożary i fake news – podsumowanie",0, 13-1-2020
195,https://fakenews.pl/spoleczenstwo/czy-to-jest-zebra-z-paskami-w-ksztalcie-menory/,Czy to jest zebra z paskami w kształcie menory?,Fałsz, 25-12-2019
196,https://fakenews.pl/inne/czy-wodospady-wiktorii-wysychaja-przez-zmiane-klimatu/,Czy Wodospady Wiktorii wysychają przez zmianę klimatu?,W większości fałsz, 11-12-2019
197,https://fakenews.pl/spoleczenstwo/geje-kontrolowali-nazistow-i-organizowali-holokaust/,Geje kontrolowali nazistów i organizowali Holokaust?,0, 5-12-2019
198,https://fakenews.pl/spoleczenstwo/czy-warszawskie-bary-sprzedaja-mieso-z-psow/,Czy warszawskie bary sprzedają mięso z psów?,Fałsz, 30-11-2019
199,https://fakenews.pl/spoleczenstwo/rzecznik-prasowy-policji-warta-honorowa-i-fake-news/,"Rzecznik prasowy policji, warta honorowa i fake news",Fałsz, 13-11-2019
200,https://fakenews.pl/spoleczenstwo/haslo-zydzi-po-i-sld-do-gazu-na-marszu-niepodleglosci/,"Hasło “Żydzi, PO i SLD do gazu” na Marszu Niepodległości?",Fałsz, 13-11-2019
201,https://fakenews.pl/spoleczenstwo/polregio-zakopane-i-nowa-zelandia/,"POLREGIO, Zakopane i.. Nowa Zelandia",0, 10-11-2019
202,https://fakenews.pl/spoleczenstwo/eryk-mistewicz-i-jego-fake-news-z-limoges/,Eryk Mistewicz i jego fake news z Limoges,Fałsz, 7-11-2019
203,https://fakenews.pl/spoleczenstwo/czy-czeka-nas-zima-trzydziestolecia-to-fake-news/,Czy czeka nas zima trzydziestolecia? To fake news,Fałsz, 6-11-2019
204,https://fakenews.pl/spoleczenstwo/para-zaplodnila-sie-in-vitro-a-potem-miala-aborcje/,"Para zapłodniła się in vitro, a potem miała aborcję?",Fałsz, 6-11-2019
205,https://fakenews.pl/spoleczenstwo/zamieszki-w-monachium-film-na-twitterze-to-fake-news/,Zamieszki w Monachium? Film na Twitterze to fake news,Fałsz, 5-11-2019
206,https://fakenews.pl/spoleczenstwo/radio-maryja-sprzedaje-odpusty-i-podalo-cennik/,Radio Maryja sprzedaje odpusty i podało cennik?,Fałsz, 4-11-2019
207,https://fakenews.pl/spoleczenstwo/czy-geje-molestuja-dzieci-czesciej-niz-heteroseksualisci/,Czy geje molestują dzieci częściej niż heteroseksualiści?,0, 4-11-2019
208,https://fakenews.pl/spoleczenstwo/czy-ksiadz-odmowil-komunii-joe-bidenowi/,Czy ksiądz odmówił komunii Joe Bidenowi?,Nieweryfikowalne, 31-10-2019
209,https://fakenews.pl/spoleczenstwo/greta-thunberg-i-george-soros-popularne-zdjecie-to-fake/,Greta Thunberg i George Soros? Popularne zdjęcie to fake,Fałsz, 29-10-2019
210,https://fakenews.pl/spoleczenstwo/evee-gayle-clobes-sie-udusila-to-nie-szczepienia-ja-zabily/,Evee Gayle Clobes się udusiła. To nie szczepienia ją zabiły,Fałsz, 27-10-2019
211,https://fakenews.pl/spoleczenstwo/nieplanowane-abby-johnson-i-kontrowersje/,"Nieplanowane, Abby Johnson i.. kontrowersje",0, 25-10-2019
212,https://fakenews.pl/spoleczenstwo/sad-zgodzil-sie-na-zmiane-plci-u-7-latka-james-younger-i-jego-sprawa/,Sąd zgodził się na zmianę płci u 7-latka? James Younger i jego sprawa,Fałsz, 24-10-2019
213,https://fakenews.pl/spoleczenstwo/jan-kulczyk-zyje-sfingowal-wlasna-smierc/,Jan Kulczyk żyje? Sfingował własną śmierć?,Brak dowodów, 23-10-2019
214,https://fakenews.pl/spoleczenstwo/arcybiskup-denis-hart-dzieci-molestowanie-i-fake-news/,"Arcybiskup Denis Hart, dzieci, molestowanie i fake news",Fałsz, 22-10-2019
215,https://fakenews.pl/spoleczenstwo/czy-olga-tokarczuk-dostanie-wille-od-miasta-wroclaw/,Czy Olga Tokarczuk dostanie willę od miasta Wrocław?,Fałsz, 22-10-2019
216,https://fakenews.pl/spoleczenstwo/porwanie-dziecka-w-galerii-krakowskiej-to-fake-news/,Porwanie dziecka w Galerii Krakowskiej to fake news,Fałsz, 18-10-2019
217,https://fakenews.pl/spoleczenstwo/czy-ksiadz-tymoteusz-szydlo-ma-dziecko-z-16-latka/,Czy ksiądz Tymoteusz Szydło ma dziecko z 16-latką?,Fałsz, 17-10-2019
218,https://fakenews.pl/spoleczenstwo/czy-lgbt-chce-legalizacji-pedofilii/,Czy środowiska LGBT+ chcą legalizacji pedofilii ?,Fałsz, 15-10-2019
219,https://fakenews.pl/spoleczenstwo/ogromny-huragan-nadciaga-nad-europe/,Ogromny huragan nadciąga nad Europę?,Fałsz, 11-10-2019
220,https://fakenews.pl/technologia/przyczyna-awarii-facebooka-byla-kradziez-danych-uzytkownikow-nieprawda/,Przyczyną awarii Facebooka była kradzież danych użytkowników? Nieprawda,Fałsz, 5-10-2021
221,https://fakenews.pl/technologia/porzucone-samochody-elektryczne-we-francji-nie-to-chiny/,"Porzucone samochody elektryczne we Francji? Nie, to Chiny",W większości fałsz, 15-7-2021
222,https://fakenews.pl/technologia/setki-wyrzuconych-elektrykow-z-paryza-rozkladaja-sie-i-zatruwaja-ziemie-sprawdzamy/,Setki wyrzuconych “elektryków” z Paryża rozkładają się i zatruwają ziemię? Sprawdzamy,Fałsz, 20-5-2021
223,https://fakenews.pl/technologia/nie-elektrownia-czarnobylska-nie-stanowi-znowu-zagrozenia/,"Nie, elektrownia czarnobylska nie stanowi znowu zagrożenia",Fałsz, 18-5-2021
224,https://fakenews.pl/technologia/czy-dostawy-energii-z-oze-w-niemczech-zostaly-sparalizowane-przez-zime-sprawdzamy/,Czy dostawy energii z OZE w Niemczech zostały sparaliżowane przez zimę? Sprawdzamy,Fałsz, 25-2-2021
225,https://fakenews.pl/technologia/bill-gates-nie-rozpyli-w-czerwcu-milionow-ton-chemikaliow-w-atmosferze/,Bill Gates nie rozpyli w czerwcu milionów ton chemikaliów w atmosferze,Fałsz, 9-2-2021
226,https://fakenews.pl/technologia/nie-to-nie-opryski-wirusem-to-samolot-gasniczy-boeing-747-supertanker/,"Nie, to nie „opryski wirusem”, to samolot gaśniczy Boeing 747 Supertanker",Fałsz, 7-1-2021
227,https://fakenews.pl/technologia/podpalony-maszt-sieci-play-w-lodzi-nie-byl-masztem-5g/,Podpalony maszt sieci “Play” w Łodzi nie był masztem 5G,W większości fałsz, 27-5-2020
228,https://fakenews.pl/technologia/plytka-oznaczona-cov-19-w-nadajniku-5g-to-nieprawda/,Płytka oznaczona COV-19 w nadajniku 5G? To nieprawda,Fałsz, 18-5-2020
229,https://fakenews.pl/technologia/rzad-zamierza-przymusowo-czipowac-polakow-dementujemy-plotke/,Rząd zamierza przymusowo czipować Polaków? Dementujemy plotkę.,Fałsz, 16-5-2020
230,https://fakenews.pl/technologia/ptaki-atakujace-wieze-5g-to-fake-news/,Ptaki atakujące wieżę 5G to fake news,Fałsz, 12-5-2020
231,https://fakenews.pl/technologia/patent-microsoftu-zawierajacy-666-to-znamie-bestii-wyjasniamy-manipulacje/,Patent Microsoftu zawierający cyfry “666” to “znamię bestii”? Wyjaśniamy manipulacje,0, 28-4-2020
232,https://fakenews.pl/technologia/wykrywacz-koronawirusa-z-iranu-to-tak-naprawde-falszywy-wykrywacz-bomb/,Wykrywacz koronawirusa z Iranu to tak naprawdę fałszywy wykrywacz bomb,0, 20-4-2020
233,https://fakenews.pl/technologia/nie-to-nie-plonie-maszt-5g-w-bergamo/,"Nie, to nie płonie maszt 5G w Bergamo",Fałsz, 14-4-2020
234,https://fakenews.pl/technologia/nie-szwajcaria-nie-wstrzymala-wdrazania-5g/,"Nie, Szwajcaria nie wstrzymała wdrażania 5G",W większości fałsz, 7-4-2020
235,https://fakenews.pl/technologia/nie-w-chinach-nie-zniknely-22-miliony-uzytkownikow-telefonow/,"Nie, w Chinach nie zniknęły 22 miliony użytkowników telefonów",Fałsz, 1-4-2020
236,https://fakenews.pl/technologia/czy-facebook-wlacza-kamere-bez-wiedzy-uzytkownika/,Czy Facebook włącza kamerę bez wiedzy użytkownika?,Prawda, 18-11-2019
237,https://fakenews.pl/technologia/ostatnie-slowa-stevea-jobsa-na-lozu-smierci-to-fake-news/,Ostatnie słowa Steve’a Jobsa na łożu śmierci to fake news?,Fałsz, 23-10-2019
238,https://fakenews.pl/technologia/czy-monterzy-5g-uzywaja-kombinezonu-ochronnego/,Czy monterzy 5G używają kombinezonu ochronnego?,Fałsz, 1-10-2019
239,https://fakenews.pl/technologia/5g-powodem-masowej-smierci-ptakow/,5G powodem masowej śmierci ptaków?,Fałsz, 16-9-2019
240,https://fakenews.pl/zdrowie/nagranie-z-awanturujaca-sie-w-samolocie-kobieta-zostalo-wyrezyserowane/,Nagranie z awanturującą się w samolocie kobietą zostało wyreżyserowane,Fałsz, 10-11-2021
241,https://fakenews.pl/zdrowie/krazacy-w-sieci-patent-us-11107588-b2-nie-jest-zwiazany-z-firma-pfizer/,"Krążący w sieci patent US 11,107,588 B2, nie jest związany z firmą Pfizer",Fałsz, 4-11-2021
242,https://fakenews.pl/zdrowie/bozena-dykiel-o-depresji-i-pandemii-dementujemy-szkodliwe-wypowiedzi/,Bożena Dykiel o depresji i pandemii. Dementujemy szkodliwe wypowiedzi,Fałsz, 29-10-2021
243,https://fakenews.pl/zdrowie/wiekszosc-zmarlych-z-powodu-covid-19-to-osoby-w-pelni-zaszczepione-tlumaczymy-paradoks-wyszczepialnosci/,Większość zmarłych z powodu COVID-19 to osoby w pełni zaszczepione? Tłumaczymy “paradoks wyszczepialności”,Analiza, 25-10-2021
244,https://fakenews.pl/zdrowie/nie-stawianie-baniek-nie-usunie-z-organizmu-szczepionki/,"Nie, stawianie baniek nie usunie z organizmu szczepionki",Fałsz, 13-10-2021
245,https://fakenews.pl/zdrowie/bartosz-fialek-przewidzial-liczbe-zgonow-nie-to-grzegorz-placzek-pomylil-daty/,"Bartosz Fiałek przewidział liczbę zgonów? Nie, to Grzegorz Płaczek pomylił daty",Fałsz, 4-10-2021
246,https://fakenews.pl/zdrowie/wloska-policja-zdejmuje-kaski-na-znak-solidarnosci-z-antyszczepionkowcami-nieprawda/,Włoska policja zdejmuje kaski na znak solidarności z antyszczepionkowcami? Nieprawda,Fałsz, 1-10-2021
247,https://fakenews.pl/zdrowie/adam-niedzielski-i-manekin-w-szpitalu-dowodem-na-plandemie-wyjasniamy/,Adam Niedzielski i manekin w szpitalu dowodem na plandemię? Wyjaśniamy,Fałsz, 27-9-2021
248,https://fakenews.pl/zdrowie/prezydent-chorwacji-wstrzymuje-szczepienia-przeciwko-covid-19-nieprawda/,Prezydent Chorwacji wstrzymuje szczepienia przeciwko Covid-19? Nieprawda,Fałsz, 23-9-2021
249,https://fakenews.pl/zdrowie/wlodzimierz-bodnar-przemawial-przed-wloskim-senatem-nieprawda/,Włodzimierz Bodnar przemawiał przed włoskim Senatem? Nieprawda,Fałsz, 22-9-2021
250,https://fakenews.pl/zdrowie/ue-zawiesila-przepisy-regulujace-wykorzystanie-gmo-w-produktach-leczniczych-wyjasniamy/,UE zawiesiła przepisy regulujące wykorzystanie GMO w produktach leczniczych? Wyjaśniamy,W większości fałsz, 21-9-2021
251,https://fakenews.pl/zdrowie/grzegorz-placzek-a-sprawa-dunska-manipulacji-studium-przypadku/,Grzegorz Płaczek a sprawa duńska. Manipulacji studium przypadku,Manipulacja, 8-9-2021
252,https://fakenews.pl/zdrowie/osoby-zaszczepione-superroznosicielami-manipulacja/,Osoby zaszczepione superroznosicielami? Manipulacja,Manipulacja, 1-9-2021
253,https://fakenews.pl/zdrowie/fda-nie-udzielila-szczepionce-pfizera-pelnej-autoryzacji-nieprawda/,FDA nie udzieliła szczepionce Pfizera pełnej autoryzacji? Nieprawda,Fałsz, 30-8-2021
254,https://fakenews.pl/zdrowie/przymusowe-szczepienia-dzieci-w-australii-fakenews/,Przymusowe szczepienia dzieci w Australii? Fakenews,Fałsz, 27-8-2021
255,https://fakenews.pl/zdrowie/nie-profesor-horban-nie-powiedzial-ze-szczepionki-to-eksperyment/,"Nie, profesor Horban nie powiedział, że szczepionki to eksperyment",Fałsz, 19-8-2021
256,https://fakenews.pl/zdrowie/szczepienia-przeciwko-covid-19-to-eksperyment-medyczny-nieprawda/,Szczepienia przeciwko COVID-19 to eksperyment medyczny? Nieprawda,Fałsz, 13-8-2021
257,https://fakenews.pl/zdrowie/nop-w-zamosciu-w-rzeczywistosci-wstrzasem-anafilaktycznym-po-ugryzieniu-owada/,“NOP” w Zamościu w rzeczywistości wstrząsem anafilaktycznym po ugryzieniu owada,Fałsz, 4-8-2021
258,https://fakenews.pl/zdrowie/czy-po-szczepionce-pfizera-moga-urosnac-piersi-wyjasniamy/,Czy po szczepionce Pfizera mogą urosnąć piersi? Wyjaśniamy,Prawda, 3-8-2021
259,https://fakenews.pl/zdrowie/pieciu-przywodcow-panstw-odmowilo-kupienia-szczepionek-i-tajemniczo-zmarlo-sprawdzamy/,Pięciu przywódców państw odmówiło kupienia szczepionek i tajemniczo zmarło? Sprawdzamy,Fałsz, 28-7-2021
260,https://fakenews.pl/zdrowie/kluczowe-badanie-dotyczace-iwermektyny-wycofane/,Kluczowe badanie dotyczące iwermektyny wycofane,Raport, 23-7-2021
261,https://fakenews.pl/zdrowie/zbigniew-halat-twierdzi-ze-w-szczepionkach-jest-grafen-to-nieprawda/,"Zbigniew Hałat twierdzi, że w szczepionkach jest grafen. To nieprawda",Fałsz, 18-7-2021
262,https://fakenews.pl/zdrowie/polscy-sportowcy-nie-jada-na-igrzyska-olimpijskie-z-powodu-szczepionek-nieprawda/,Polscy sportowcy nie jadą na Igrzyska Olimpijskie z powodu szczepionek? Nieprawda,Fałsz, 16-7-2021
263,https://fakenews.pl/zdrowie/grzegorz-placzek-manipuluje-slowami-grzegorza-cessaka/,Grzegorz Płaczek manipuluje słowami Grzegorza Cessaka,Manipulacja, 8-7-2021
264,https://fakenews.pl/zdrowie/nie-chip-ze-szczepionki-na-covid-19-nie-zostal-wykryty-przez-skaner-dla-zwierzat/,"Nie, chip ze szczepionki na COVID-19 nie został wykryty przez skaner dla zwierząt",Satyra / Żart, 6-7-2021
265,https://fakenews.pl/zdrowie/czy-w-portugalii-tylko-152-pacjentow-zmarlo-z-powodu-covid-19/,Czy w Portugalii tylko 152 pacjentów zmarło z powodu COVID-19?,Fałsz, 1-7-2021
266,https://fakenews.pl/zdrowie/wariant-delta-grozniejszy-dla-osob-zaszczepionych-nieprawda/,Wariant Delta groźniejszy dla osób zaszczepionych? Nieprawda,Fałsz, 29-6-2021
267,https://fakenews.pl/zdrowie/thierry-baudet-fundacja-rockefellera-zaplanowala-pandemie-sprawdzamy/,Thierry Baudet: Fundacja Rockefellera zaplanowała pandemię? Sprawdzamy,Fałsz, 25-6-2021
268,https://fakenews.pl/zdrowie/nie-christian-eriksen-nie-byl-zaszczepiony-na-covid-19/,"Nie, Christian Eriksen nie był zaszczepiony na COVID-19",Fałsz, 14-6-2021
269,https://fakenews.pl/zdrowie/kanadyjski-immunolog-poszczepienne-bialko-kolca-to-grozna-toksyna-sprawdzamy/,Kanadyjski immunolog: poszczepienne białko kolca to groźna toksyna. Sprawdzamy,Fałsz, 11-6-2021
270,https://fakenews.pl/zdrowie/maile-anthonyego-fauciego-zostaly-wyjete-z-kontekstu/,Maile Anthony’ego Fauci’ego zostały wyjęte z kontekstu,Manipulacja, 8-6-2021
271,https://fakenews.pl/zdrowie/nie-linie-lotnicze-nie-zakaza-lotow-osobom-zaszczepionym-na-covid-19/,"Nie, linie lotnicze nie zakażą lotów osobom zaszczepionym na COVID-19",Fałsz, 7-6-2021
272,https://fakenews.pl/zdrowie/luc-montagnier-mowil-ze-wszystkie-osoby-zaszczepione-umra-w-ciagu-dwoch-lat-to-nieprawda/,"Luc Montagnier mówił, że wszystkie osoby zaszczepione umrą w ciągu dwóch lat? To nieprawda",Fałsz, 2-6-2021
273,https://fakenews.pl/zdrowie/w-japonii-czerwony-krzyz-wcale-nie-przyjmuje-krwi-od-zaszczepionych-to-fake-news/,W Japonii Czerwony Krzyż wcale nie przyjmuje krwi od zaszczepionych? To fake news,W większości fałsz, 31-5-2021
274,https://fakenews.pl/zdrowie/nie-ten-owad-nie-moze-zabic-czlowieka/,"Nie, ten owad nie może zabić człowieka",Fałsz, 24-5-2021
275,https://fakenews.pl/zdrowie/szczepionki-nie-zapobiegaja-transmisji-wirusa-to-fake-news/,Szczepionki nie zapobiegają transmisji wirusa? Sprawdzamy,Fałsz, 21-5-2021
276,https://fakenews.pl/zdrowie/nie-szczepionki-nie-przyciagaja-magnesu/,"Nie, szczepionki nie przyciągają magnesu",Fałsz, 19-5-2021
277,https://fakenews.pl/zdrowie/nie-szczepienia-nie-spowodowaly-katastrofalnych-skutkow-ubocznych-w-izraelu/,"Nie, szczepienia nie spowodowały katastrofalnych skutków ubocznych w Izraelu",Fałsz, 13-5-2021
278,https://fakenews.pl/zdrowie/czy-na-nagraniu-z-indii-dzieci-przygotowuja-zestawy-do-testow-na-covid-19-sprawdzamy/,Czy na nagraniu z Indii dzieci przygotowują zestawy do testów na COVID-19? Sprawdzamy,W większości prawda, 11-5-2021
279,https://fakenews.pl/zdrowie/nie-dwuletnie-dziecko-nie-zmarlo-po-podaniu-szczepionki-przeciwko-covid-19/,"Nie, dwuletnie dziecko nie zmarło po podaniu szczepionki przeciwko COVID-19",Fałsz, 10-5-2021
280,https://fakenews.pl/zdrowie/nowe-badanie-ujawnia-ze-szczepionka-firmy-pfizer-powoduje-choroby-neurodegeneracyjne-brak-dowodow/,"Nowe badanie ujawnia, że szczepionka firmy Pfizer powoduje choroby neurodegeneracyjne? Brak dowodów",Brak dowodów, 7-5-2021
281,https://fakenews.pl/zdrowie/czy-w-walbrzychu-szczepienia-na-covid-19-sa-obowiazkowe-analiza/,Czy w Wałbrzychu szczepienia na COVID-19 są obowiązkowe? Analiza,Analiza, 6-5-2021
282,https://fakenews.pl/zdrowie/byly-wiceszef-pfizera-michael-yeadon-mowi-o-depopulacji-szczepionkami-sprawdzamy/,"Były wiceszef Pfizera, Michael Yeadon mówi o depopulacji szczepionkami? Sprawdzamy",Fałsz, 5-5-2021
283,https://fakenews.pl/zdrowie/warto-rozmawiac-pospieszalskiego-analiza-materialu-tvp-z-12-04-2021/,„Warto rozmawiać” Pospieszalskiego. Analiza materiału TVP z 12.04.2021,Analiza, 26-4-2021
284,https://fakenews.pl/zdrowie/na-ile-prawdziwa-jest-spowiedz-ratownika-sprawdzamy/,Na ile prawdziwa jest „Spowiedź ratownika”? Sprawdzamy,Manipulacja, 21-4-2021
285,https://fakenews.pl/zdrowie/nie-kary-mullis-tworca-testow-pcr-nie-powiedzial-ze-nie-wykrywaja-wirusow/,"Nie, Kary Mullis, twórca testów PCR nie powiedział, że nie wykrywają wirusów",Fałsz, 8-4-2021
286,https://fakenews.pl/zdrowie/robaki-na-maseczkach-i-syndrom-morgellonow-sprawdzamy/,Robaki na maseczkach i syndrom Morgellonów. Sprawdzamy,Fałsz, 31-3-2021
287,https://fakenews.pl/zdrowie/tak-maski-ffp2-chronia-przed-wirusami/,"Tak, maski FFP2 chronią przed wirusami",Fałsz, 9-3-2021
288,https://fakenews.pl/zdrowie/czy-chiny-zarzadzily-testy-analne-na-covid-19-sprawdzamy/,Czy Chiny zarządziły testy analne na COVID-19? Sprawdzamy,W większości prawda, 5-3-2021
289,https://fakenews.pl/zdrowie/nie-sekcja-zwlok-nie-wykazala-ze-covid-19-nie-istnieje/,"Nie, sekcja zwłok nie wykazała, że COVID-19 nie istnieje",Fałsz, 2-3-2021
290,https://fakenews.pl/zdrowie/nipah-nowy-superwirus-odkryty-przez-who-tylko-w-polskich-mediach/,Nipah – nowy superwirus odkryty przez WHO? Tylko w polskich mediach,Fałsz, 24-2-2021
291,https://fakenews.pl/zdrowie/dr-witold-rogiewicz-zmarl-po-szczepieniu-na-covid-19-brak-dowodow/,Dr Witold Rogiewicz zmarł po szczepieniu na COVID-19? Brak dowodów,Brak dowodów, 18-2-2021
292,https://fakenews.pl/zdrowie/nie-ten-mezczyzna-z-izraela-nie-zmarl-po-szczepionce-na-covid-19/,"Nie, ten mężczyzna z Izraela nie zmarł po szczepionce na COVID-19",Fałsz, 16-2-2021
293,https://fakenews.pl/zdrowie/rada-europy-szczepienia-przeciw-covid-19-nieobowiazkowe-sprawdzamy/,Rada Europy: „szczepienia przeciw COVID-19 nieobowiązkowe”. Sprawdzamy,Prawda, 12-2-2021
294,https://fakenews.pl/zdrowie/nie-ten-wykres-nie-przedstawia-ryzyka-zarazenia-w-zaleznosci-od-lokalizacji/,"Nie, ten wykres nie przedstawia „ryzyka zarażenia w zależności od lokalizacji”  ",Fałsz, 3-2-2021
295,https://fakenews.pl/zdrowie/olimpiada-2012-londyn-czy-przewidziano-pandemie/,"Olimpiada 2012 Londyn, czy przewidziano pandemię?",Fałsz, 29-1-2021
296,https://fakenews.pl/zdrowie/nie-najpiekniejsze-zdjecie-roku-nie-przedstawia-wyrzutu-oksytocyny-w-mozgu-dziecka/,"Nie, „najpiękniejsze zdjęcie roku” nie przedstawia wyrzutu oksytocyny w mózgu dziecka",Fałsz, 28-1-2021
297,https://fakenews.pl/zdrowie/nie-pfizer-nie-testowal-szczepionek-w-auschwitz/,"Nie, Pfizer nie testował szczepionek w Auschwitz",Fałsz, 27-1-2021
298,https://fakenews.pl/zdrowie/drgawki-po-szczepieniu-na-covid-19-sprawdzamy/,Drgawki po szczepieniu na COVID-19? Sprawdzamy,Nieweryfikowalne, 25-1-2021
299,https://fakenews.pl/zdrowie/38-osob-zmarlo-po-szczepieniu-to-fake-news-na-stronie-wyludzajacej-dane/,„38 osób zmarło po szczepieniu”? To fake news na stronie wyłudzającej dane,Scam / Oszustwo, 22-1-2021
300,https://fakenews.pl/zdrowie/czy-23-osoby-zmarly-w-norwegii-po-przyjeciu-szczepionki-na-covid/,Czy 23 osoby zmarły w Norwegii na skutek szczepienia na COVID-19?,Brak dowodów, 18-1-2021
301,https://fakenews.pl/zdrowie/ksiadz-z-gorzowa-szczepionki-na-covid-19-wytwarzane-z-cial-dzieci-z-aborcji-sprawdzamy/,Ksiądz z Gorzowa: szczepionki na COVID-19 wytwarzane z ciał dzieci z aborcji. Sprawdzamy,Fałsz, 8-1-2021
302,https://fakenews.pl/zdrowie/pielegniarka-khalilah-mitchell-doznala-paralizu-twarzy-po-szczepieniu-na-covid-19-brak-dowodow/,Pielęgniarka Khalilah Mitchell doznała paraliżu twarzy po szczepieniu na COVID-19? Brak dowodów,W większości fałsz, 4-1-2021
303,https://fakenews.pl/zdrowie/szczepienie-na-covid-19-przez-bluzke-nie-to-prezentacja-dla-mediow/,"Szczepienie na COVID-19 “przez bluzkę”? Nie, to prezentacja dla mediów",Fałsz, 31-12-2020
304,https://fakenews.pl/zdrowie/prognozowane-powiklania-poszczepienne-covid-19-sprawdzamy/,Prognozowane powikłania poszczepienne COVID-19? Sprawdzamy,W większości fałsz, 30-12-2020
305,https://fakenews.pl/zdrowie/szczepionka-na-covid-19-w-pudelkach-z-obi-sprawdzamy/,Szczepionka na COVID-19 w pudełkach z OBI. Sprawdzamy,Fałsz, 30-12-2020
306,https://fakenews.pl/zdrowie/lek-anna-martynowska-ujawnia-falszywa-pandemie-sprawdzamy/,Lek. Anna Martynowska ujawnia fałszywą pandemię? Sprawdzamy,Fałsz, 28-12-2020
307,https://fakenews.pl/zdrowie/znikajaca-igla-dowod-na-falszywe-szczepienia/,Znikająca igła. Dowód na fałszywe szczepienia?,Fałsz, 22-12-2020
308,https://fakenews.pl/zdrowie/papaja-i-koza-uzyskaly-pozytywny-test-na-koronawirusa-sprawdzamy/,Papaja i koza uzyskały pozytywny test na koronawirusa? Sprawdzamy.,W większości fałsz, 22-12-2020
309,https://fakenews.pl/zdrowie/zmarla-tiffany-dover-pielegniarka-zaszczepiona-na-covid-19-brak-dowodow/,"Zmarła Tiffany Dover, pielęgniarka zaszczepiona na COVID-19? Nieprawda",Fałsz, 21-12-2020
310,https://fakenews.pl/zdrowie/szef-pfizera-nie-zaszczepi-sie-wlasna-szczepionka/,Szef Pfizera nie zaszczepi się własną szczepionką?,Fałsz, 17-12-2020
311,https://fakenews.pl/zdrowie/szczepienia-na-covid-19-bez-igly-dowod-na-plandemie/,Szczepienia na COVID-19 bez igły. Dowód na „plandemię”?,Fałsz, 16-12-2020
312,https://fakenews.pl/zdrowie/czy-laboratorium-w-wuhan-nalezy-do-glaxo/,Czy laboratorium w Wuhan należy do Glaxo?,Fałsz, 10-12-2020
313,https://fakenews.pl/zdrowie/szwajcaria-rezygnuje-ze-szczepionek-na-sars-cov-2-sprawdzamy/,Szwajcaria rezygnuje ze szczepionek na SARS-CoV-2? Sprawdzamy,Fałsz, 9-12-2020
314,https://fakenews.pl/zdrowie/apel-naukowcow-i-lekarzy-o-obowiazku-szczepien-sprawdzamy/,Apel naukowców i lekarzy o obowiązku szczepień. Sprawdzamy,Fałsz, 7-12-2020
315,https://fakenews.pl/zdrowie/nie-konfederacja-nie-poparla-obowiazku-noszenia-maseczek/,"Nie, Konfederacja nie poparła obowiązku noszenia maseczek.",Fałsz, 2-12-2020
316,https://fakenews.pl/zdrowie/nie-wloska-telewizja-nie-podstawila-do-szpitala-aktora/,"Nie, włoska telewizja nie podstawiła do szpitala aktora",0, 23-11-2020
317,https://fakenews.pl/zdrowie/szczepionki-z-ludzkich-plodow-sprawdzamy/,Szczepionki z ludzkich płodów? Sprawdzamy,Fałsz, 16-11-2020
318,https://fakenews.pl/zdrowie/manekin-zamiast-pacjenta-w-karetce-to-fake-news/,Manekin zamiast pacjenta w karetce? To fake news,Fałsz, 13-11-2020
319,https://fakenews.pl/zdrowie/list-otwarty-177-polskich-lekarzy-sprawdzamy/,List otwarty 177 polskich lekarzy. Sprawdzamy,Fałsz, 10-11-2020
320,https://fakenews.pl/zdrowie/sok-z-pozytywnym-wynikiem-testu-na-covid-19-to-manipulacja-odbiorcami/,Sok z pozytywnym wynikiem testu na COVID-19. To manipulacja odbiorcami,Manipulacja, 6-11-2020
321,https://fakenews.pl/zdrowie/narodowy-test-na-przeciwciala-sars-cov-2-na-slowacji-to-manipulacja-danymi/,Narodowy test na przeciwciała SARS-CoV-2 na Słowacji. To manipulacja danymi,Fałsz, 6-11-2020
322,https://fakenews.pl/zdrowie/farmaceuta-odmowi-sprzedazy-prezerwatyw-to-fake-news/,Farmaceuta odmówi sprzedaży prezerwatyw? To fake news.,Fałsz, 4-11-2020
323,https://fakenews.pl/zdrowie/dzieci-z-oddzialu-psychiatrii-uck-wum-a-covid-19-szpital-wyjasnia/,Dzieci z oddziału psychiatrii UCK WUM a COVID-19. Szpital wyjaśnia.,Manipulacja, 2-11-2020
324,https://fakenews.pl/zdrowie/nie-ma-dowodow-ze-amantadyna-jest-cudownym-lekiem-na-covid-19/,"Nie ma dowodów, że amantadyna jest cudownym lekiem na COVID-19",Brak dowodów, 2-11-2020
325,https://fakenews.pl/zdrowie/kanadyjski-polityk-ujawnia-plan-covid-21-sprawdzamy/,Kanadyjski polityk ujawnia plan COVID-21? Sprawdzamy.,Fałsz, 30-10-2020
326,https://fakenews.pl/zdrowie/pis-wprowadzi-przymusowe-szczepienia-na-koronawirusa-sprawdzamy-akty-prawne/,PiS wprowadzi przymusowe szczepienia na koronawirusa? Sprawdzamy akty prawne.,Brak dowodów, 27-10-2020
327,https://fakenews.pl/zdrowie/pieniadze-za-zgony-na-covid-19-sprawdzamy-oplaty-za-leczenie/,Pieniądze za zgony na COVID-19? Sprawdzamy opłaty za leczenie.,Fałsz, 26-10-2020
328,https://fakenews.pl/zdrowie/listy-starego-diabla-do-mlodego-a-koronawirus-falszywe-cytaty/,Listy starego diabła do młodego a koronawirus. Fałszywe cytaty.,Fałsz, 21-10-2020
329,https://fakenews.pl/zdrowie/lotnicze-karty-lokalizacji-pasazera-a-covid-19/,Lotnicze Karty Lokalizacji Pasażera a COVID-19.,Fałsz, 20-10-2020
330,https://fakenews.pl/zdrowie/nie-who-nie-przyznalo-ze-covid-19-nie-jest-grozniejszy-od-zwyklej-grypy/,"Nie, WHO nie przyznało, że „COVID-19 nie jest groźniejszy od zwykłej grypy”.",Fałsz, 16-10-2020
331,https://fakenews.pl/zdrowie/barbara-stanislawczyk-w-tvp-info-niescislosci-i-fakty/,Barbara Stanisławczyk w TVP Info. Nieścisłości i fakty.,W większości fałsz, 6-10-2020
332,https://fakenews.pl/zdrowie/nie-premier-norwegii-nie-przeprosila-za-lockdown/,"Nie, premier Norwegii nie przeprosiła za lockdown.",Fałsz, 30-9-2020
333,https://fakenews.pl/zdrowie/li-meng-yan-ujawnia-sztuczne-pochodzenie-koronawirusa-sprawdzamy/,Li-Meng Yan ujawnia sztuczne pochodzenie koronawirusa. Sprawdzamy,Fałsz, 25-9-2020
334,https://fakenews.pl/zdrowie/ryzyko-smierci-z-powodu-grypy-dwukrotnie-wieksze-niz-z-powodu-koronawirusa-to-fake-news/,Ryzyko śmierci z powodu grypy dwukrotnie większe niż z powodu koronawirusa? To fake news.,Fałsz, 23-9-2020
335,https://fakenews.pl/zdrowie/wyrezyserowany-film-z-falszywej-pandemii-wyjasniamy/,Wyreżyserowany film z fałszywej pandemii. Wyjaśniamy.,Manipulacja, 22-9-2020
336,https://fakenews.pl/zdrowie/czy-bialorusi-proponowano-lapowke-za-lockdown-sprawdzamy/,Czy Białorusi proponowano łapówkę za lockdown? Sprawdzamy.,Fałsz, 17-9-2020
337,https://fakenews.pl/zdrowie/nie-pandemia-nie-potrwa-do-31-marca-2025-roku/,"Nie, pandemia nie potrwa do 31 marca 2025 roku",Fałsz, 15-9-2020
338,https://fakenews.pl/zdrowie/termometry-bezdotykowe-podczerwien-i-szyszynka/,"Termometry bezdotykowe, podczerwień i szyszynka.",Fałsz, 10-9-2020
339,https://fakenews.pl/zdrowie/testy-na-covid-19-sprzedawane-juz-w-2017-roku-to-falszywa-informacja/,Testy na COVID-19 sprzedawane już w 2017 roku to fałszywa informacja.,Fałsz, 9-9-2020
340,https://fakenews.pl/zdrowie/obowiazkowe-szpitalne-ankiety-czyli-czym-jest-pretriage/,"Obowiązkowe szpitalne ankiety, czyli czym jest pretriage.",Fałsz, 2-9-2020
341,https://fakenews.pl/zdrowie/dr-roberto-petrella-i-covid-19/,Dr Roberto Petrella i COVID-19,Fałsz, 1-9-2020
342,https://fakenews.pl/zdrowie/to-nie-sa-puste-trumny-ofiar-koronawirusa-w-brazylii/,To nie są puste trumny ofiar koronawirusa w Brazylii,Fałsz, 28-8-2020
343,https://fakenews.pl/zdrowie/tvp-ksieza-wypedzaja-koronawirusa-ze-szkol-to-fotomontaz/,TVP: księża wypędzają koronawirusa ze szkół. To fotomontaż.,Fałsz, 27-8-2020
344,https://fakenews.pl/zdrowie/nie-koronawirus-nie-omija-lidla-i-biedronki/,"Nie, koronawirus nie omija Lidla i Biedronki.",Fałsz, 24-8-2020
345,https://fakenews.pl/zdrowie/pierwszy-pies-zmarl-z-powodu-koronawirusa-brak-dowodow/,Pierwszy pies zmarł z powodu koronawirusa? Brak dowodów,Nieweryfikowalne, 31-7-2020
346,https://fakenews.pl/zdrowie/bill-gates-planowal-pandemie-w-2018-roku-w-hong-kongu-to-zart/,Bill Gates planował pandemię w 2018 roku w Hong Kongu? To żart.,Fałsz, 6-7-2020
347,https://fakenews.pl/polityka/morawiecki-koronawirus-w-odwrocie-sprawdzamy-slowa-premiera/,Morawiecki: “koronawirus w odwrocie”. Sprawdzamy słowa premiera.,Fałsz, 3-7-2020
348,https://fakenews.pl/zdrowie/specjalne-szpitale-polowe-w-brazylii-stoja-puste-to-manipulacja/,Specjalne szpitale polowe w Brazylii stoją puste? To manipulacja.,Fałsz, 30-6-2020
349,https://fakenews.pl/zdrowie/dr-martyka-ilosc-zachorowan-na-grype-spada-a-na-covid-19-rosnie-sprawdzamy-wypowiedz/,"Dr Martyka: ilość zachorowań na grypę spada, a na COVID-19 rośnie. Sprawdzamy wypowiedź.",Fałsz, 19-6-2020
350,https://fakenews.pl/zdrowie/nie-w-polsce-nie-odbywa-sie-dezynfekcja-powietrza/,"Nie, w Polsce nie odbywa się “dezynfekcja powietrza”",Fałsz, 22-5-2020
351,https://fakenews.pl/zdrowie/bill-gates-nie-planuje-ograniczenia-liczby-ludnosci-o-3-miliardy/,Bill Gates nie planuje ograniczenia liczby ludności o 3 miliardy,Fałsz, 14-5-2020
352,https://fakenews.pl/zdrowie/pandemia-dezinformacji-czyli-plandemic-plandemia/,"Pandemia dezinformacji, czyli Plandemic – Plandemia",Fałsz, 10-5-2020
353,https://fakenews.pl/zdrowie/obalamy-mit-patentow-us2006257852-i-ep3172319b1/,Obalamy mit patentów US2006257852 i EP3172319B1,Fałsz, 6-5-2020
354,https://fakenews.pl/zdrowie/nie-tasuku-honjo-nie-powiedzial-ze-koronawirus-nie-jest-naturalny/,"Nie, Tasuku Honjo nie powiedział, że koronawirus “nie jest naturalny”",Fałsz, 4-5-2020
355,https://fakenews.pl/zdrowie/nie-elisa-granato-nie-zmarla-po-podaniu-testowej-szczepionki-na-koronawirusa/,"Nie, Elisa Granato nie zmarła po podaniu testowej szczepionki na koronawirusa",Fałsz, 27-4-2020
356,https://fakenews.pl/zdrowie/nie-dwojka-dzieci-nie-zmarla-w-gwinei-po-podaniu-szczepionki-na-koronawirusa/,"Nie, dwójka dzieci nie zmarła w Gwinei po podaniu szczepionki na koronawirusa",Fałsz, 24-4-2020
357,https://fakenews.pl/zdrowie/chmura-radioaktywna-nad-polska-to-fake-news/,Chmura radioaktywna nad Polską? To fake news,Fałsz, 18-4-2020
358,https://fakenews.pl/zdrowie/nie-7-dzieci-nie-zmarlo-po-podaniu-szczepionki-na-covid-19-w-senegalu/,"Nie, 7 dzieci nie zmarło po podaniu szczepionki na COVID-19 w Senegalu",Fałsz, 14-4-2020
359,https://fakenews.pl/zdrowie/plyn-do-dezynfekcji-rak-na-bazie-wodki-nie-zadziala-szkoda-wodki/,Płyn do dezynfekcji rąk na bazie wódki? Nie zadziała. Szkoda wódki,Fałsz, 3-4-2020
360,https://fakenews.pl/zdrowie/izrael-bez-zgonow-i-woda-z-cytryna-na-koronawirusa-analiza-lancuszkow/,Izrael bez zgonów i woda z cytryną na koronawirusa? Analiza łańcuszków,Fałsz, 2-4-2020
361,https://fakenews.pl/zdrowie/nie-dyrektor-szpitala-w-genui-nie-twierdzi-ze-nikt-nie-zmarl-na-koronawirusa/,"Nie, dyrektor szpitala w Genui nie twierdzi, że nikt nie zmarł na koronawirusa",Nieprecyzyjna, 31-3-2020
362,https://fakenews.pl/zdrowie/nie-to-nie-jest-hiszpanski-lekarz/,"Nie, to nie jest hiszpański lekarz",Fałsz, 27-3-2020
363,https://fakenews.pl/zdrowie/nadciaga-nowy-hantawirus-nie-jest-znany-od-dekad/,"Nadciąga nowy hantawirus? Nie, jest znany od dekad.",Nieprecyzyjna, 25-3-2020
364,https://fakenews.pl/zdrowie/ibuprofen-i-koronawirus-oddzielamy-fakty-od-fikcji/,Ibuprofen i koronawirus. Oddzielamy fakty od fikcji,0, 19-3-2020
365,https://fakenews.pl/zdrowie/masowe-prosby-o-eutanazje-zwierzat-domowych-to-fake-news/,Masowe prośby o eutanazję zwierząt domowych? To fake news,Fałsz, 18-3-2020
366,https://fakenews.pl/zdrowie/analiza-falszywego-dokumentu-nowe-zalecenia-dot-koronawirusa/,Analiza fałszywego dokumentu “Nowe Zalecenia” dot. koronawirusa,0, 13-3-2020
367,https://fakenews.pl/zdrowie/cynk-pomaga-w-walce-z-koronawirusem-james-robb-i-jego-list/,Cynk pomaga w walce z koronawirusem? James Robb i jego list,Nieweryfikowalne, 10-3-2020
368,https://fakenews.pl/zdrowie/czy-badanie-na-koronawirusa-kosztuje-500-zlotych/,Czy badanie na koronawirusa kosztuje 500 złotych?,W większości fałsz, 25-2-2020
369,https://fakenews.pl/zdrowie/nie-leki-na-raka-nie-zostaly-skreslone-z-listy-lekow-refundowanych/,"Nie, leki na raka nie zostały skreślone z listy leków refundowanych",Fałsz, 19-2-2020
370,https://fakenews.pl/zdrowie/nie-chiny-nie-zamierzaja-usmiercic-20000-pacjentow/,"Nie, Chiny nie zamierzają uśmiercić 20,000 pacjentów",Fałsz, 17-2-2020
371,https://fakenews.pl/zdrowie/nie-to-nie-sa-dymy-z-krematoriow-w-wuhan/,"Nie, to nie są dymy z krematoriów w Wuhan",Fałsz, 15-2-2020
372,https://fakenews.pl/zdrowie/czy-unia-europejska-wprowadzi-podatek-od-miesa/,Czy Unia Europejska wprowadzi podatek od mięsa?,Fałsz, 11-2-2020
373,https://fakenews.pl/zdrowie/zupa-z-nietoperza-i-koronawirus-zrodlo-epidemii/,Zupa z nietoperza i koronawirus. Źródło epidemii?,Fałsz, 6-2-2020
374,https://fakenews.pl/zdrowie/koronawirus-stworzony-w-tajnym-laboratorium-to-bzdury/,Koronawirus stworzony w tajnym laboratorium? Brak dowodów.,Fałsz, 3-2-2020
375,https://fakenews.pl/zdrowie/wczesniaki-nie-dostana-lekow-ktore-ratuja-ich-zycie/,"Wcześniaki nie dostaną leków, które ratują ich życie?",Fałsz, 29-1-2020
376,https://fakenews.pl/zdrowie/czy-koronawirus-moze-przetrwac-w-paczce-z-aliexpress/,Czy koronawirus może przetrwać w paczce z AliExpress?,Fałsz, 29-1-2020
377,https://fakenews.pl/zdrowie/czy-truvada-lek-na-hiv-uszkadza-kosci-i-nerki-szkodliwa-reklama-na-portalu-facebook/,"Czy Truvada, lek na HIV, uszkadza kości i nerki? Szkodliwa reklama na portalu Facebook",0, 2-1-2020
378,https://fakenews.pl/zdrowie/czy-to-jest-nowa-mapa-smogowa-europy/,Czy to jest nowa mapa smogowa Europy?,W większości fałsz, 16-12-2019
379,https://fakenews.pl/zdrowie/lekarka-walczaca-z-przemyslem-farmaceutycznym-zastrzelona/,Lekarka walcząca z przemysłem farmaceutycznym zastrzelona?,W większości fałsz, 9-12-2019
